[
  {
  "SampleName": "All Tracks",
  "FileName": "HardRockAllTracks.mp3",
  "PackName": "Hard Rock",
  "ActiveSliderColor": "#fa5669",
  "PassiveSliderColor": "#fcc5d0",
  "Icon": 2,
  "IconColor": "#d84864",
  "Duration": "00:08",
  "BPM": 121,
  "Artist": "Fred Thom"
  },
  {
  "SampleName": "Bass",
  "FileName": "HardRockBassFm121.mp3",
  "PackName": "Hard Rock",
  "ActiveSliderColor": "#fa5669",
  "PassiveSliderColor": "#fcc5d0",
  "Icon": 3,
  "IconColor": "#d84864",
  "Duration": "00:08",
  "BPM": 121,
  "Artist": "Fred Thom"
  },
  {
  "SampleName": "Drum",
  "FileName": "HardRockDrumFm121.mp3",
  "PackName": "Hard Rock",
  "ActiveSliderColor": "#fa5669",
  "PassiveSliderColor": "#fcc5d0",
  "Icon": 1,
  "IconColor": "#d84864",
  "Duration": "00:08",
  "BPM": 121,
  "Artist": "Fred Thom"
  },
  {
  "SampleName": "Elect Guit 1",
  "FileName": "HardRockGuit1Fm121.mp3",
  "PackName": "Hard Rock",
  "ActiveSliderColor": "#fa5669",
  "PassiveSliderColor": "#fcc5d0",
  "Icon": 3,
  "IconColor": "#d84864",
  "Duration": "00:08",
  "BPM": 121,
  "Artist": "Fred Thom"
  },
  {
  "SampleName": "Elect Guit 2",
  "FileName": "HardRockGuit2Fm121.mp3",
  "PackName": "Hard Rock",
  "ActiveSliderColor": "#fa5669",
  "PassiveSliderColor": "#fcc5d0",
  "Icon": 3,
  "IconColor": "#d84864",
  "Duration": "00:08",
  "BPM": 121,
  "Artist": "Fred Thom"
  },
  {
  "SampleName": "Elect Guit 3",
  "FileName": "HardRockGuit3Fm121.mp3",
  "PackName": "Hard Rock",
  "ActiveSliderColor": "#fa5669",
  "PassiveSliderColor": "#fcc5d0",
  "Icon": 3,
  "IconColor": "#d84864",
  "Duration": "00:08",
  "BPM": 121,
  "Artist": "Fred Thom"
  }
]